{
    "metrics": {
        "http_req_receiving": {
            "max": 253.123,
            "p(90)": 0.028,
            "p(95)": 0.064,
            "avg": 0.12688962103880022,
            "min": 0.004,
            "med": 0.008
        },
        "iteration_duration": {
            "avg": 20.754780457860804,
            "min": 0.430541,
            "med": 15.873458,
            "max": 347.223958,
            "p(90)": 39.59404200000001,
            "p(95)": 51.55445819999999
        },
        "data_sent": {
            "rate": 1100203.337308527,
            "count": 132092700
        },
        "http_req_tls_handshaking": {
            "p(95)": 0,
            "avg": 0,
            "min": 0,
            "med": 0,
            "max": 0,
            "p(90)": 0
        },
        "checks": {
            "passes": 375907,
            "fails": 0,
            "value": 1
        },
        "http_req_blocked": {
            "med": 0.001,
            "max": 199.992,
            "p(90)": 0.002,
            "p(95)": 0.003,
            "avg": 0.038750417321337834,
            "min": 0
        },
        "group_duration": {
            "p(95)": 51.28577499999999,
            "avg": 20.676456402580882,
            "min": 0.424375,
            "med": 15.834666,
            "max": 347.217667,
            "p(90)": 39.4317002
        },
        "vus": {
            "value": 1,
            "min": 1,
            "max": 100
        },
        "iterations": {
            "count": 375907,
            "rate": 3130.9386205114774
        },
        "LOAD_03_failures": {
            "fails": 375907,
            "passes": 0,
            "thresholds": {
                "rate<0.01": false
            },
            "value": 0
        },
        "LOAD_03_latency": {
            "med": 15.39,
            "max": 329.038,
            "p(90)": 37.784400000000005,
            "p(95)": 48.56369999999998,
            "avg": 19.838384235994617,
            "min": 0.374,
            "thresholds": {
                "p(95)<500": false,
                "p(99)<1500": false
            }
        },
        "http_req_waiting": {
            "avg": 9.743917973607756,
            "min": 0.131,
            "med": 6.883,
            "max": 211.77,
            "p(90)": 19.996,
            "p(95)": 27.293
        },
        "data_received": {
            "count": 287336739,
            "rate": 2393234.744835628
        },
        "http_req_duration": {
            "min": 0.14,
            "med": 6.949,
            "max": 319.071,
            "p(90)": 20.299,
            "p(95)": 27.804,
            "avg": 9.919141157645736
        },
        "http_req_failed": {
            "passes": 751819,
            "fails": 0,
            "thresholds": {
                "rate<0.02": true
            },
            "value": 1
        },
        "http_req_connecting": {
            "min": 0,
            "med": 0,
            "max": 84.642,
            "p(90)": 0,
            "p(95)": 0,
            "avg": 0.018099815248085013
        },
        "http_req_sending": {
            "p(90)": 0.007,
            "p(95)": 0.012,
            "avg": 0.04833356299863827,
            "min": 0.001,
            "med": 0.003,
            "max": 206.043
        },
        "vus_max": {
            "value": 100,
            "min": 100,
            "max": 100
        },
        "http_reqs": {
            "count": 751819,
            "rate": 6261.918886145559
        }
    },
    "setup_data": {},
    "root_group": {
            "name": "",
            "path": "",
            "id": "d41d8cd98f00b204e9800998ecf8427e",
            "groups": {
                "[LOAD-03] E2E slot list + booking create": {
                    "name": "[LOAD-03] E2E slot list + booking create",
                    "path": "::[LOAD-03] E2E slot list + booking create",
                    "id": "c00b882ed28dbbaa6725d5bb5f6cf664",
                    "groups": {},
                    "checks": {
                            "create not 5xx": {
                                "name": "create not 5xx",
                                "path": "::[LOAD-03] E2E slot list + booking create::create not 5xx",
                                "id": "3f27861a6f4814c238b5a364311b5109",
                                "passes": 375907,
                                "fails": 0
                            }
                        }
                }
            },
            "checks": {}
        }
}