{
    "metrics": {
        "iterations": {
            "count": 29300,
            "rate": 244.02722950772596
        },
        "http_req_connecting": {
            "p(95)": 0.692,
            "avg": 0.18908582885419273,
            "min": 0,
            "med": 0,
            "max": 28.296,
            "p(90)": 0.426
        },
        "http_req_waiting": {
            "avg": 132.58689847282753,
            "min": 2.416,
            "med": 101.161,
            "max": 2123.386,
            "p(90)": 252.41620000000003,
            "p(95)": 355.16519999999997
        },
        "iteration_duration": {
            "med": 212.1888545,
            "max": 2841.619166,
            "p(90)": 492.692208,
            "p(95)": 663.9745545,
            "avg": 266.94034294860063,
            "min": 9.180166
        },
        "http_req_tls_handshaking": {
            "med": 0,
            "max": 0,
            "p(90)": 0,
            "p(95)": 0,
            "avg": 0,
            "min": 0
        },
        "vus_max": {
            "value": 100,
            "min": 100,
            "max": 100
        },
        "http_req_duration{expected_response:true}": {
            "min": 5.533,
            "med": 76.877,
            "max": 2040.477,
            "p(90)": 239.4744,
            "p(95)": 344.4885999999995,
            "avg": 117.21930660296808
        },
        "http_req_receiving": {
            "max": 223.694,
            "p(90)": 0.495,
            "p(95)": 0.795,
            "avg": 0.5106312601313608,
            "min": 0.007,
            "med": 0.126
        },
        "http_req_failed": {
            "passes": 29300,
            "fails": 29305,
            "thresholds": {
                "rate<0.02": true
            },
            "value": 0.49995734152376076
        },
        "http_reqs": {
            "count": 58605,
            "rate": 488.09610188738156
        },
        "http_req_duration": {
            "p(95)": 356.9483999999999,
            "avg": 133.1226580325913,
            "min": 2.564,
            "med": 101.651,
            "max": 2123.472,
            "p(90)": 253.46
        },
        "http_req_blocked": {
            "avg": 0.20999453971513082,
            "min": 0,
            "med": 0.08,
            "max": 28.328,
            "p(90)": 0.473,
            "p(95)": 0.746
        },
        "LOAD_03_latency": {
            "max": 2840.9130000000005,
            "p(90)": 491.8546,
            "p(95)": 662.9373999999999,
            "avg": 266.2659538566537,
            "min": 8.806000000000001,
            "med": 211.584,
            "thresholds": {
                "p(95)<500": true,
                "p(99)<1500": false
            }
        },
        "data_received": {
            "count": 29161045,
            "rate": 242869.93245392916
        },
        "vus": {
            "value": 1,
            "min": 1,
            "max": 100
        },
        "http_req_sending": {
            "p(95)": 0.068,
            "avg": 0.025128299633136692,
            "min": 0.002,
            "med": 0.014,
            "max": 12.038,
            "p(90)": 0.047
        },
        "LOAD_03_failures": {
            "passes": 29300,
            "fails": 0,
            "thresholds": {
                "rate<0.01": true
            },
            "value": 1
        },
        "group_duration": {
            "min": 9.165334,
            "med": 212.166542,
            "max": 2841.599834,
            "p(90)": 492.6685253,
            "p(95)": 663.9629979,
            "avg": 266.9132694834491
        },
        "data_sent": {
            "count": 10295804,
            "rate": 85749.36947694754
        },
        "checks": {
            "passes": 0,
            "fails": 29300,
            "value": 0
        }
    },
    "setup_data": {},
    "root_group": {
            "name": "",
            "path": "",
            "id": "d41d8cd98f00b204e9800998ecf8427e",
            "groups": {
                "[LOAD-03] E2E slot list + booking create": {
                    "id": "c00b882ed28dbbaa6725d5bb5f6cf664",
                    "groups": {},
                    "checks": {
                            "create not 5xx": {
                                "passes": 0,
                                "fails": 29300,
                                "name": "create not 5xx",
                                "path": "::[LOAD-03] E2E slot list + booking create::create not 5xx",
                                "id": "3f27861a6f4814c238b5a364311b5109"
                            }
                        },
                    "name": "[LOAD-03] E2E slot list + booking create",
                    "path": "::[LOAD-03] E2E slot list + booking create"
                }
            },
            "checks": {}
        }
}