{
    "root_group": {
        "name": "",
        "path": "",
        "id": "d41d8cd98f00b204e9800998ecf8427e",
        "groups": {
            "[LOAD-01] GET /facilities": {
                "name": "[LOAD-01] GET /facilities",
                "path": "::[LOAD-01] GET /facilities",
                "id": "f358558963bb4120e5fd0dbe68fbace7",
                "groups": {},
                "checks": {
                        "status 200": {
                            "name": "status 200",
                            "path": "::[LOAD-01] GET /facilities::status 200",
                            "id": "149e812255361be62092aa9a1815f856",
                            "passes": 0,
                            "fails": 1454
                        }
                    }
            }
        },
        "checks": {}
    },
    "metrics": {
        "checks": {
            "passes": 0,
            "fails": 1454,
            "value": 0
        },
        "LOAD_01_latency": {
            "p(95)": 8.2594,
            "avg": 2.8214484181568054,
            "min": 0.312,
            "med": 1.8585,
            "max": 23.37,
            "p(90)": 5.861300000000001,
            "thresholds": {
                "p(95)<300": false,
                "p(99)<800": false
            }
        },
        "vus": {
            "value": 2,
            "min": 2,
            "max": 30
        },
        "http_reqs": {
            "count": 1459,
            "rate": 24.214863747243694
        },
        "group_duration": {
            "med": 2.032438,
            "max": 24.743959,
            "p(90)": 6.204208900000001,
            "p(95)": 8.60350055,
            "avg": 3.0233188954608,
            "min": 0.35125
        },
        "iteration_duration": {
            "max": 1027.661667,
            "p(90)": 1007.8873543,
            "p(95)": 1010.3169584499999,
            "avg": 1004.1960643734533,
            "min": 1000.478333,
            "med": 1003.0966874999999
        },
        "http_req_sending": {
            "med": 0.016,
            "max": 3.271,
            "p(90)": 0.038,
            "p(95)": 0.057,
            "avg": 0.028118574366004297,
            "min": 0.002
        },
        "data_sent": {
            "count": 236076,
            "rate": 3918.12760383434
        },
        "http_req_duration": {
            "p(95)": 8.258399999999998,
            "avg": 2.816191912268674,
            "min": 0.312,
            "med": 1.854,
            "max": 23.37,
            "p(90)": 5.851800000000001
        },
        "iterations": {
            "count": 1454,
            "rate": 24.131879293003653
        },
        "http_req_blocked": {
            "min": 0.001,
            "med": 0.004,
            "max": 7.419,
            "p(90)": 0.011,
            "p(95)": 0.019,
            "avg": 0.03498149417409179
        },
        "http_req_waiting": {
            "avg": 2.727474982864973,
            "min": 0.289,
            "med": 1.789,
            "max": 23.314,
            "p(90)": 5.6662,
            "p(95)": 8.021999999999997
        },
        "http_req_receiving": {
            "max": 1.98,
            "p(90)": 0.10120000000000004,
            "p(95)": 0.14009999999999995,
            "avg": 0.06059835503769735,
            "min": 0.007,
            "med": 0.038
        },
        "LOAD_01_failures": {
            "fails": 0,
            "passes": 1454,
            "thresholds": {
                "rate<0.005": true
            },
            "value": 1
        },
        "http_req_tls_handshaking": {
            "avg": 0,
            "min": 0,
            "med": 0,
            "max": 0,
            "p(90)": 0,
            "p(95)": 0
        },
        "data_received": {
            "count": 557418,
            "rate": 9251.405702714932
        },
        "vus_max": {
            "value": 30,
            "min": 30,
            "max": 30
        },
        "http_req_failed": {
            "passes": 1459,
            "fails": 0,
            "thresholds": {
                "rate<0.01": true
            },
            "value": 1
        },
        "http_req_connecting": {
            "avg": 0.021470185058259077,
            "min": 0,
            "med": 0,
            "max": 7.308,
            "p(90)": 0,
            "p(95)": 0
        }
    },
    "setup_data": {}
}