{
    "metrics": {
        "http_req_receiving": {
            "avg": 0.07535709389993175,
            "min": 0.007,
            "med": 0.04,
            "max": 6.414,
            "p(90)": 0.09840000000000007,
            "p(95)": 0.15709999999999993
        },
        "http_req_tls_handshaking": {
            "avg": 0,
            "min": 0,
            "med": 0,
            "max": 0,
            "p(90)": 0,
            "p(95)": 0
        },
        "http_req_waiting": {
            "med": 1.508,
            "max": 71.771,
            "p(90)": 4.607200000000001,
            "p(95)": 6.866999999999998,
            "avg": 2.310004797806715,
            "min": 0.285
        },
        "checks": {
            "fails": 1454,
            "passes": 0,
            "value": 0
        },
        "http_req_failed": {
            "passes": 1459,
            "fails": 0,
            "thresholds": {
                "rate<0.01": true
            },
            "value": 1
        },
        "LOAD_01_failures": {
            "passes": 1454,
            "fails": 0,
            "thresholds": {
                "rate<0.005": true
            },
            "value": 1
        },
        "http_req_blocked": {
            "p(90)": 0.009,
            "p(95)": 0.016,
            "avg": 0.032658670322138365,
            "min": 0.001,
            "med": 0.004,
            "max": 13.587
        },
        "iteration_duration": {
            "max": 1073.715459,
            "p(90)": 1008.504417,
            "p(95)": 1011.8780125,
            "avg": 1004.3034056609357,
            "min": 1000.656334,
            "med": 1003.0195625
        },
        "iterations": {
            "rate": 24.07144484294955,
            "count": 1454
        },
        "http_req_sending": {
            "med": 0.015,
            "max": 7.013,
            "p(90)": 0.030200000000000032,
            "p(95)": 0.045,
            "avg": 0.03354420836189177,
            "min": 0.002
        },
        "http_reqs": {
            "count": 1459,
            "rate": 24.15422147583452
        },
        "vus": {
            "value": 2,
            "min": 2,
            "max": 30
        },
        "vus_max": {
            "value": 30,
            "min": 30,
            "max": 30
        },
        "http_req_duration": {
            "min": 0.304,
            "med": 1.583,
            "max": 72.672,
            "p(90)": 4.873200000000001,
            "p(95)": 7.038099999999991,
            "avg": 2.4189061000685426
        },
        "data_sent": {
            "count": 236328,
            "rate": 3912.4872192878825
        },
        "data_received": {
            "count": 557418,
            "rate": 9228.237029894946
        },
        "group_duration": {
            "med": 1.7177085,
            "max": 20.813584,
            "p(90)": 5.136766800000001,
            "p(95)": 7.342746149999995,
            "avg": 2.5481681093535107,
            "min": 0.351625
        },
        "http_req_connecting": {
            "avg": 0.018139821795750515,
            "min": 0,
            "med": 0,
            "max": 8.219,
            "p(90)": 0,
            "p(95)": 0
        },
        "LOAD_01_latency": {
            "med": 1.5790000000000002,
            "max": 20.15,
            "p(90)": 4.863700000000001,
            "p(95)": 7.02075,
            "avg": 2.3708940852819826,
            "min": 0.304,
            "thresholds": {
                "p(95)<300": false,
                "p(99)<800": false
            }
        }
    },
    "setup_data": {},
    "root_group": {
            "groups": {
                "[LOAD-01] GET /facilities": {
                    "groups": {},
                    "checks": {
                            "status 200": {
                                "name": "status 200",
                                "path": "::[LOAD-01] GET /facilities::status 200",
                                "id": "149e812255361be62092aa9a1815f856",
                                "passes": 0,
                                "fails": 1454
                            }
                        },
                    "name": "[LOAD-01] GET /facilities",
                    "path": "::[LOAD-01] GET /facilities",
                    "id": "f358558963bb4120e5fd0dbe68fbace7"
                }
            },
            "checks": {},
            "name": "",
            "path": "",
            "id": "d41d8cd98f00b204e9800998ecf8427e"
        }
}