{
    "setup_data": {},
    "root_group": {
            "path": "",
            "id": "d41d8cd98f00b204e9800998ecf8427e",
            "groups": {
                "[LOAD-02] POST /events/{id}/seats/select": {
                    "path": "::[LOAD-02] POST /events/{id}/seats/select",
                    "id": "e9be3a182470092e6398c07734b622a7",
                    "groups": {},
                    "checks": {
                            "not 5xx": {
                                "name": "not 5xx",
                                "path": "::[LOAD-02] POST /events/{id}/seats/select::not 5xx",
                                "id": "ad3b1d2370859071c1401638ce97d1dd",
                                "passes": 705715,
                                "fails": 0
                            }
                        },
                    "name": "[LOAD-02] POST /events/{id}/seats/select"
                }
            },
            "checks": {},
            "name": ""
        },
    "metrics": {
            "http_req_receiving": {
                "p(95)": 0.045,
                "avg": 0.1237816811196065,
                "min": 0.004,
                "med": 0.008,
                "max": 241.604,
                "p(90)": 0.022
            },
            "LOAD_02_failures": {
                "passes": 0,
                "fails": 705715,
                "thresholds": {
                    "rate<0.02": false
                },
                "value": 0
            },
            "LOAD_02_latency": {
                "min": 0.147,
                "med": 6.556,
                "max": 407.787,
                "p(90)": 14.955,
                "p(95)": 19.977299999999968,
                "avg": 8.266289942823658,
                "thresholds": {
                    "p(95)<1000": false,
                    "p(99)<3000": false
                }
            },
            "iteration_duration": {
                "p(90)": 17.304567000000002,
                "p(95)": 24.49517499999993,
                "avg": 9.404556410519804,
                "min": 0.177708,
                "med": 7.044542,
                "max": 538.793792
            },
            "checks": {
                "fails": 0,
                "passes": 705715,
                "value": 1
            },
            "http_req_tls_handshaking": {
                "med": 0,
                "max": 0,
                "p(90)": 0,
                "p(95)": 0,
                "avg": 0,
                "min": 0
            },
            "group_duration": {
                "p(90)": 17.0801328,
                "p(95)": 24.04339189999999,
                "avg": 9.303798486006716,
                "min": 0.170458,
                "med": 7.002959,
                "max": 538.78175
            },
            "vus_max": {
                "value": 200,
                "min": 200,
                "max": 200
            },
            "iterations": {
                "rate": 14700.76343606012,
                "count": 705715
            },
            "http_req_waiting": {
                "med": 6.501,
                "max": 407.741,
                "p(90)": 14.655,
                "p(95)": 19.34404999999997,
                "avg": 8.063245379186917,
                "min": 0.138
            },
            "data_received": {
                "count": 269717322,
                "rate": 5618486.988840614
            },
            "http_req_failed": {
                "passes": 705720,
                "fails": 0,
                "thresholds": {
                    "rate<0.04": true
                },
                "value": 1
            },
            "http_reqs": {
                "count": 705720,
                "rate": 14700.867591161232
            },
            "http_req_blocked": {
                "p(95)": 0.003,
                "avg": 0.03802750240903315,
                "min": 0,
                "med": 0.001,
                "max": 117.883,
                "p(90)": 0.002
            },
            "http_req_sending": {
                "avg": 0.07920773252818922,
                "min": 0.001,
                "med": 0.003,
                "max": 113.613,
                "p(90)": 0.007,
                "p(95)": 0.012
            },
            "vus": {
                "value": 2,
                "min": 2,
                "max": 200
            },
            "http_req_duration": {
                "p(90)": 14.955,
                "p(95)": 19.97704999999997,
                "avg": 8.266234792835402,
                "min": 0.147,
                "med": 6.556,
                "max": 407.787
            },
            "http_req_connecting": {
                "p(95)": 0,
                "avg": 0.02125883211471974,
                "min": 0,
                "med": 0,
                "max": 117.36,
                "p(90)": 0
            },
            "data_sent": {
                "count": 128292665,
                "rate": 2672467.0989658856
            }
        }
}