{
    "setup_data": {},
    "root_group": {
            "id": "d41d8cd98f00b204e9800998ecf8427e",
            "groups": {
                "[LOAD-02] POST /events/{id}/seats/select": {
                    "groups": {},
                    "checks": {
                            "not 5xx": {
                                "name": "not 5xx",
                                "path": "::[LOAD-02] POST /events/{id}/seats/select::not 5xx",
                                "id": "ad3b1d2370859071c1401638ce97d1dd",
                                "passes": 254810,
                                "fails": 0
                            }
                        },
                    "name": "[LOAD-02] POST /events/{id}/seats/select",
                    "path": "::[LOAD-02] POST /events/{id}/seats/select",
                    "id": "e9be3a182470092e6398c07734b622a7"
                }
            },
            "checks": {},
            "name": "",
            "path": ""
        },
    "metrics": {
            "LOAD_02_latency": {
                "max": 709.343,
                "p(90)": 45.4551,
                "p(95)": 68.537,
                "avg": 21.86564265138685,
                "min": 0.174,
                "med": 13.814499999999999,
                "thresholds": {
                    "p(95)<1000": false,
                    "p(99)<3000": false
                }
            },
            "http_req_waiting": {
                "max": 421.296,
                "p(90)": 43.0046,
                "p(95)": 63.253,
                "avg": 20.498519058924973,
                "min": 0.16,
                "med": 13.59
            },
            "data_received": {
                "count": 97385926,
                "rate": 2020255.0083789427
            },
            "checks": {
                "fails": 0,
                "passes": 254810,
                "value": 1
            },
            "iteration_duration": {
                "med": 15.345333,
                "max": 709.401041,
                "p(90)": 55.98205450000001,
                "p(95)": 88.93684159999998,
                "avg": 26.05359718134274,
                "min": 0.213708
            },
            "http_reqs": {
                "count": 254815,
                "rate": 5286.095240908633
            },
            "http_req_connecting": {
                "p(95)": 0,
                "avg": 0.06165003237642999,
                "min": 0,
                "med": 0,
                "max": 248.692,
                "p(90)": 0
            },
            "http_req_receiving": {
                "avg": 0.9304873771174331,
                "min": 0.004,
                "med": 0.008,
                "max": 692.321,
                "p(90)": 0.034,
                "p(95)": 0.098
            },
            "vus": {
                "min": 1,
                "max": 200,
                "value": 9
            },
            "http_req_duration": {
                "min": 0.174,
                "med": 13.815,
                "max": 709.343,
                "p(90)": 45.455600000000004,
                "p(95)": 68.537,
                "avg": 21.865824590388648
            },
            "http_req_sending": {
                "avg": 0.4368181543461712,
                "min": 0.001,
                "med": 0.003,
                "max": 620.58,
                "p(90)": 0.009,
                "p(95)": 0.021
            },
            "vus_max": {
                "value": 200,
                "min": 200,
                "max": 200
            },
            "LOAD_02_failures": {
                "passes": 0,
                "fails": 254810,
                "thresholds": {
                    "rate<0.02": false
                },
                "value": 0
            },
            "http_req_blocked": {
                "avg": 0.14739252791222737,
                "min": 0,
                "med": 0.001,
                "max": 582.219,
                "p(90)": 0.002,
                "p(95)": 0.003
            },
            "http_req_tls_handshaking": {
                "avg": 0,
                "min": 0,
                "med": 0,
                "max": 0,
                "p(90)": 0,
                "p(95)": 0
            },
            "http_req_failed": {
                "passes": 254815,
                "fails": 0,
                "thresholds": {
                    "rate<0.04": true
                },
                "value": 1
            },
            "group_duration": {
                "avg": 25.468959995895187,
                "min": 0.204042,
                "med": 15.188521,
                "max": 709.390083,
                "p(90)": 54.43489650000001,
                "p(95)": 85.22534375
            },
            "data_sent": {
                "count": 46342620,
                "rate": 961370.0254429183
            },
            "iterations": {
                "count": 254810,
                "rate": 5285.9915167314675
            }
        }
}