{
    "metrics": {
        "data_received": {
            "count": 3042159,
            "rate": 22704.064560715768
        },
        "LOAD_03_latency": {
            "p(95)": 30159.85005,
            "avg": 2485.4452199049642,
            "min": 15.506,
            "med": 36.0015,
            "max": 59844.819,
            "p(90)": 93.80510000000001,
            "thresholds": {
                "p(95)<500": true,
                "p(99)<1500": true
            }
        },
        "http_req_connecting": {
            "min": 0,
            "med": 0,
            "max": 6.132,
            "p(90)": 0,
            "p(95)": 0,
            "avg": 0.021292797006548164
        },
        "http_req_tls_handshaking": {
            "max": 0,
            "p(90)": 0,
            "p(95)": 0,
            "avg": 0,
            "min": 0,
            "med": 0
        },
        "http_req_blocked": {
            "avg": 0.027863423760523986,
            "min": 0,
            "med": 0.002,
            "max": 6.261,
            "p(90)": 0.004,
            "p(95)": 0.009
        },
        "http_req_duration": {
            "min": 5.704,
            "med": 17.399,
            "max": 30417.675,
            "p(90)": 51.75440000000001,
            "p(95)": 180.79539999999906,
            "avg": 1258.1928701055713
        },
        "data_sent": {
            "count": 1332706,
            "rate": 9946.174103474956
        },
        "iteration_duration": {
            "p(95)": 30160.0013705,
            "avg": 2485.72361544588,
            "min": 15.792209,
            "med": 36.1918125,
            "max": 59846.357791,
            "p(90)": 93.97637060000002
        },
        "http_req_waiting": {
            "p(90)": 51.6606,
            "p(95)": 180.76129999999904,
            "avg": 1257.9816700521176,
            "min": 5.609,
            "med": 17.222,
            "max": 30417.437
        },
        "LOAD_03_failures": {
            "passes": 249,
            "fails": 3539,
            "thresholds": {
                "rate<0.01": true
            },
            "value": 0.06573389651531152
        },
        "http_reqs": {
            "count": 7483,
            "rate": 55.84669148056893
        },
        "checks": {
            "passes": 3539,
            "fails": 150,
            "value": 0.9593385741393331
        },
        "group_duration": {
            "p(95)": 30159.9827295,
            "avg": 2485.6992649255553,
            "min": 15.772042,
            "med": 36.174604,
            "max": 59846.188917,
            "p(90)": 93.96169580000002
        },
        "iterations": {
            "count": 3788,
            "rate": 28.270381842629305
        },
        "vus_max": {
            "value": 100,
            "min": 100,
            "max": 100
        },
        "http_req_duration{expected_response:true}": {
            "p(90)": 30.819,
            "p(95)": 81.27799999999992,
            "avg": 456.18781737013,
            "min": 5.704,
            "med": 14.383,
            "max": 30221.509
        },
        "vus": {
            "value": 3,
            "min": 2,
            "max": 100
        },
        "http_req_sending": {
            "p(95)": 0.028,
            "avg": 0.014787785647467919,
            "min": 0.002,
            "med": 0.01,
            "max": 1.979,
            "p(90)": 0.018
        },
        "http_req_failed": {
            "passes": 3787,
            "fails": 3696,
            "thresholds": {
                "rate<0.02": true
            },
            "value": 0.5060804490177736
        },
        "http_req_receiving": {
            "avg": 0.19641226780702917,
            "min": 0.009,
            "med": 0.159,
            "max": 18.787,
            "p(90)": 0.2788000000000002,
            "p(95)": 0.35789999999999966
        }
    },
    "setup_data": {},
    "root_group": {
            "name": "",
            "path": "",
            "id": "d41d8cd98f00b204e9800998ecf8427e",
            "groups": {
                "[LOAD-03] E2E slot list + booking create": {
                    "name": "[LOAD-03] E2E slot list + booking create",
                    "path": "::[LOAD-03] E2E slot list + booking create",
                    "id": "c00b882ed28dbbaa6725d5bb5f6cf664",
                    "groups": {},
                    "checks": {
                            "create not 5xx": {
                                "name": "create not 5xx",
                                "path": "::[LOAD-03] E2E slot list + booking create::create not 5xx",
                                "id": "3f27861a6f4814c238b5a364311b5109",
                                "passes": 3539,
                                "fails": 150
                            }
                        }
                }
            },
            "checks": {}
        }
}