{
    "metrics": {
        "data_sent": {
            "count": 24826645,
            "rate": 516408.69609983865
        },
        "LOAD_02_failures": {
            "passes": 0,
            "fails": 136555,
            "thresholds": {
                "rate<0.02": false
            },
            "value": 0
        },
        "LOAD_02_latency": {
            "avg": 48.73584924755545,
            "min": 1.225,
            "med": 36.045,
            "max": 712.897,
            "p(90)": 88.0344,
            "p(95)": 137.6701999999999,
            "thresholds": {
                "p(95)<1000": false,
                "p(99)<3000": false
            }
        },
        "group_duration": {
            "med": 36.110375,
            "max": 712.935167,
            "p(90)": 88.10866700000001,
            "p(95)": 137.73660799999996,
            "avg": 48.799854340162916,
            "min": 1.266583
        },
        "http_req_duration": {
            "max": 712.897,
            "p(90)": 88.03240000000001,
            "p(95)": 137.6666999999999,
            "avg": 48.73458741212606,
            "min": 1.225,
            "med": 36.044
        },
        "checks": {
            "fails": 0,
            "passes": 139393,
            "value": 1
        },
        "vus_max": {
            "value": 200,
            "min": 200,
            "max": 200
        },
        "http_req_blocked": {
            "min": 0,
            "med": 0.001,
            "max": 9.648,
            "p(90)": 0.002,
            "p(95)": 0.002,
            "avg": 0.005860090802565227
        },
        "http_req_receiving": {
            "min": 0.006,
            "med": 0.012,
            "max": 202.159,
            "p(90)": 0.141,
            "p(95)": 0.231,
            "avg": 0.32790068101935227
        },
        "data_received": {
            "rate": 1569569.599531571,
            "count": 75457961
        },
        "http_req_failed": {
            "passes": 134096,
            "fails": 2464,
            "thresholds": {
                "rate<0.04": true
            },
            "value": 0.9819566490919742
        },
        "http_req_tls_handshaking": {
            "p(95)": 0,
            "avg": 0,
            "min": 0,
            "med": 0,
            "max": 0,
            "p(90)": 0
        },
        "vus": {
            "value": 2,
            "min": 2,
            "max": 200
        },
        "iteration_duration": {
            "avg": 48.81996135262071,
            "min": 1.276125,
            "med": 36.131208,
            "max": 712.955666,
            "p(90)": 88.1259336,
            "p(95)": 137.75682949999995
        },
        "http_reqs": {
            "count": 136560,
            "rate": 2840.527648395261
        },
        "http_req_sending": {
            "avg": 0.00606936145284308,
            "min": 0.001,
            "med": 0.003,
            "max": 4.925,
            "p(90)": 0.009,
            "p(95)": 0.012
        },
        "iterations": {
            "count": 136555,
            "rate": 2840.4236454790193
        },
        "http_req_waiting": {
            "avg": 48.40061736965397,
            "min": 1.178,
            "med": 35.877,
            "max": 712.874,
            "p(90)": 87.212,
            "p(95)": 135.2477499999993
        },
        "http_req_connecting": {
            "p(95)": 0,
            "avg": 0.004273835676625663,
            "min": 0,
            "med": 0,
            "max": 9.616,
            "p(90)": 0
        },
        "http_req_duration{expected_response:true}": {
            "avg": 12.698150162337658,
            "min": 1.395,
            "med": 3.1515,
            "max": 332.17,
            "p(90)": 37.520900000000005,
            "p(95)": 54.738049999999944
        }
    },
    "setup_data": {},
    "root_group": {
            "path": "",
            "id": "d41d8cd98f00b204e9800998ecf8427e",
            "groups": {
                "[LOAD-02] POST /events/{id}/seats/select": {
                    "name": "[LOAD-02] POST /events/{id}/seats/select",
                    "path": "::[LOAD-02] POST /events/{id}/seats/select",
                    "id": "e9be3a182470092e6398c07734b622a7",
                    "groups": {},
                    "checks": {
                            "not 5xx": {
                                "passes": 136555,
                                "fails": 0,
                                "name": "not 5xx",
                                "path": "::[LOAD-02] POST /events/{id}/seats/select::not 5xx",
                                "id": "ad3b1d2370859071c1401638ce97d1dd"
                            },
                            "has lockId": {
                                "name": "has lockId",
                                "path": "::[LOAD-02] POST /events/{id}/seats/select::has lockId",
                                "id": "28ea818813f2836622470b262df073d1",
                                "passes": 57,
                                "fails": 0
                            },
                            "409 has error body": {
                                "name": "409 has error body",
                                "path": "::[LOAD-02] POST /events/{id}/seats/select::409 has error body",
                                "id": "87f9b297f169d87f55f753282019b277",
                                "passes": 2781,
                                "fails": 0
                            }
                        }
                }
            },
            "checks": {},
            "name": ""
        }
}