{
    "setup_data": {},
    "root_group": {
            "name": "",
            "path": "",
            "id": "d41d8cd98f00b204e9800998ecf8427e",
            "groups": {
                "[LOAD-03] E2E slot list + booking create": {
                    "groups": {},
                    "checks": {
                            "create not 5xx": {
                                "path": "::[LOAD-03] E2E slot list + booking create::create not 5xx",
                                "id": "3f27861a6f4814c238b5a364311b5109",
                                "passes": 0,
                                "fails": 13833,
                                "name": "create not 5xx"
                            }
                        },
                    "name": "[LOAD-03] E2E slot list + booking create",
                    "path": "::[LOAD-03] E2E slot list + booking create",
                    "id": "c00b882ed28dbbaa6725d5bb5f6cf664"
                }
            },
            "checks": {}
        },
    "metrics": {
            "http_req_duration{expected_response:true}": {
                "avg": 297.70279505708953,
                "min": 6.237,
                "med": 43.0145,
                "max": 3187.954,
                "p(90)": 1164.3545000000001,
                "p(95)": 1579.7543499999988
            },
            "http_req_sending": {
                "avg": 0.020792273499330178,
                "min": 0.002,
                "med": 0.013,
                "max": 13.198,
                "p(90)": 0.031,
                "p(95)": 0.047
            },
            "http_req_duration": {
                "avg": 283.62372603086396,
                "min": 2.801,
                "med": 39.305,
                "max": 3454.731,
                "p(90)": 1121.621,
                "p(95)": 1531.1719999999996
            },
            "http_req_receiving": {
                "p(90)": 0.311,
                "p(95)": 0.5364999999999988,
                "avg": 0.2687684579523721,
                "min": 0.006,
                "med": 0.1,
                "max": 855.774
            },
            "iterations": {
                "count": 13833,
                "rate": 115.01605381490823
            },
            "vus": {
                "value": 2,
                "min": 2,
                "max": 100
            },
            "LOAD_03_latency": {
                "avg": 567.3408861418335,
                "min": 11.550999999999998,
                "med": 79.983,
                "max": 5585.724,
                "p(90)": 2306.4082000000008,
                "p(95)": 2913.1657999999998,
                "thresholds": {
                    "p(95)<500": true,
                    "p(99)<1500": true
                }
            },
            "checks": {
                "passes": 0,
                "fails": 13833,
                "value": 0
            },
            "LOAD_03_failures": {
                "passes": 13833,
                "fails": 0,
                "thresholds": {
                    "rate<0.01": true
                },
                "value": 1
            },
            "http_req_connecting": {
                "avg": 0.2332625853781948,
                "min": 0,
                "med": 0,
                "max": 18.223,
                "p(90)": 0.414,
                "p(95)": 0.7729999999999976
            },
            "http_req_tls_handshaking": {
                "max": 0,
                "p(90)": 0,
                "p(95)": 0,
                "avg": 0,
                "min": 0,
                "med": 0
            },
            "data_received": {
                "count": 11304626,
                "rate": 93993.60025832508
            },
            "data_sent": {
                "count": 4857291,
                "rate": 40386.499172317606
            },
            "http_req_failed": {
                "passes": 13833,
                "fails": 13838,
                "thresholds": {
                    "rate<0.02": true
                },
                "value": 0.499909652704998
            },
            "vus_max": {
                "value": 100,
                "min": 100,
                "max": 100
            },
            "http_reqs": {
                "count": 27671,
                "rate": 230.07368069922111
            },
            "iteration_duration": {
                "avg": 568.051362951781,
                "min": 11.982083,
                "med": 80.540584,
                "max": 5586.17725,
                "p(90)": 2307.1916664000005,
                "p(95)": 2914.3296416
            },
            "group_duration": {
                "avg": 568.029937179568,
                "min": 11.9685,
                "med": 80.523667,
                "max": 5586.152792,
                "p(90)": 2307.1771000000003,
                "p(95)": 2914.3055
            },
            "http_req_blocked": {
                "med": 0.076,
                "max": 18.288,
                "p(90)": 0.454,
                "p(95)": 0.83,
                "avg": 0.2536545480828804,
                "min": 0
            },
            "http_req_waiting": {
                "avg": 283.3341652994089,
                "min": 2.743,
                "med": 39.109,
                "max": 3454.69,
                "p(90)": 1121.492,
                "p(95)": 1530.433499999999
            }
        }
}